{"mc":{
	"downspeed":{
		"frameRate":60,
		"frames":[
			
			{
			"res":"D1",
			"x":0,
			"y":0,
			"duration":4
			},
			{
			"res":"D2",
			"x":0,
			"y":0,
			"duration":4
			},
			{
			"res":"D3",
			"x":0,
			"y":0,
			"duration":4
			},
			{
			"res":"D4",
			"x":0,
			"y":0,
			"duration":4
			},
			{
			"res":"D5",
			"x":0,
			"y":0,
			"duration":4
			},
			{
			"res":"D6",
			"x":0,
			"y":0,
			"duration":4
			},
			{
			"res":"D7",
			"x":0,
			"y":0,
			"duration":4
			},
			{
			"res":"D8",
			"x":0,
			"y":0,
			"duration":4
			}
			]
}},
	"res":{
		"D1":{"x":0,"y":0,"w":40,"h":40},
		"D2":{"x":40,"y":0,"w":40,"h":40},
		"D3":{"x":80,"y":0,"w":40,"h":40},
		"D4":{"x":120,"y":0,"w":40,"h":40},
		"D5":{"x":160,"y":0,"w":40,"h":40},
		"D6":{"x":200,"y":0,"w":40,"h":40},
		"D7":{"x":240,"y":0,"w":40,"h":40},
		"D8":{"x":280,"y":0,"w":40,"h":40}
	}}