{"mc":{
	"egg":{
		"frameRate":60,
		"frames":[
			
			{
			"res":"E1",
			"x":0,
			"y":0,
			"duration":4
			},
			{
			"res":"E2",
			"x":0,
			"y":0,
			"duration":4
			},
			{
			"res":"E3",
			"x":0,
			"y":0,
			"duration":4
			},
			{
			"res":"E4",
			"x":0,
			"y":0,
			"duration":4
			},
			{
			"res":"E5",
			"x":0,
			"y":0,
			"duration":4
			},
			{
			"res":"E6",
			"x":0,
			"y":0,
			"duration":4
			},
			{
			"res":"E7",
			"x":0,
			"y":0,
			"duration":4
			},
			{
			"res":"E8",
			"x":0,
			"y":0,
			"duration":4
			}
			]
}},
	"res":{
		"E1":{"x":0,"y":0,"w":40,"h":40},
		"E2":{"x":40,"y":0,"w":40,"h":40},
		"E3":{"x":80,"y":0,"w":40,"h":40},
		"E4":{"x":120,"y":0,"w":40,"h":40},
		"E5":{"x":160,"y":0,"w":40,"h":40},
		"E6":{"x":200,"y":0,"w":40,"h":40},
		"E7":{"x":240,"y":0,"w":40,"h":40},
		"E8":{"x":280,"y":0,"w":40,"h":40}
	}}