{"res":{"newAnimation_4":{"x":1,"y":1,"w":42,"h":35},"newAnimation_24":{"x":45,"y":1,"w":42,"h":35},"newAnimation_12":{"x":43,"y":38,"w":40,"h":35},"newAnimation_16":{"x":1,"y":76,"w":40,"h":35},"newAnimation_20":{"x":1,"y":38,"w":40,"h":36},"newAnimation_8":{"x":85,"y":38,"w":40,"h":35},"newAnimation_0":{"x":43,"y":75,"w":40,"h":35}},"file":"texture.png","mc":{"egg":{"frames":[{"res":"newAnimation_0","y":-17,"duration":4,"x":-20},{"res":"newAnimation_4","y":-17,"duration":4,"x":-21},{"res":"newAnimation_8","y":-17,"duration":4,"x":-20},{"res":"newAnimation_12","y":-17,"duration":4,"x":-20},{"res":"newAnimation_16","y":-17,"duration":4,"x":-20},{"res":"newAnimation_20","y":-17,"duration":4,"x":-20},{"res":"newAnimation_24","y":-17,"duration":4,"x":-21}],"labels":[{"end":28,"frame":1,"name":"egg"}],"frameRate":24,"events":[]}}}