{"mc":{
	"snake":{
		"frameRate":24,
		"events":[
			
			],
		"frames":[
			
			{
			"res":"AA895E7C",
			"x":27,
			"y":32
			},
			{
			"res":"24262557",
			"x":25,
			"y":32.5
			},
			{
			"res":"A0F051DB",
			"x":23.5,
			"y":32.5
			},
			{
			"res":"AED0822C",
			"x":25.5,
			"y":32
			},
			{
			"res":"997E5EF9",
			"x":28.5,
			"y":31.5
			},
			{
			"res":"2D3FBD5",
			"x":31.5,
			"y":30.5
			},
			{
			"res":"1337300E",
			"x":33,
			"y":30.5
			},
			{
			"res":"80D66F32",
			"x":30,
			"y":30.5
			}
			]
}},
	"res":{
		"24262557":{"x":0.5,"y":63.5,"w":50.5,"h":29},
		"A0F051DB":{"x":51.5,"y":0.5,"w":51.5,"h":30},
		"1337300E":{"x":48.5,"y":95.5,"w":46,"h":31},
		"997E5EF9":{"x":52,"y":63.5,"w":47,"h":31},
		"80D66F32":{"x":51.5,"y":31.5,"w":48,"h":31},
		"AED0822C":{"x":0.5,"y":0.5,"w":50,"h":31},
		"2D3FBD5":{"x":0.5,"y":93.5,"w":47,"h":31},
		"AA895E7C":{"x":0.5,"y":32.5,"w":49,"h":29.5}
	}}