{"mc":{
	"upspeed":{
		"frameRate":60,
		"frames":[
			
			{
			"res":"U1",
			"x":0,
			"y":0,
			"duration":4
			},
			{
			"res":"U2",
			"x":0,
			"y":0,
			"duration":4
			},
			{
			"res":"U3",
			"x":0,
			"y":0,
			"duration":4
			},
			{
			"res":"U4",
			"x":0,
			"y":0,
			"duration":4
			},
			{
			"res":"U5",
			"x":0,
			"y":0,
			"duration":4
			},
			{
			"res":"U6",
			"x":0,
			"y":0,
			"duration":4
			},
			{
			"res":"U7",
			"x":0,
			"y":0,
			"duration":4
			},
			{
			"res":"U8",
			"x":0,
			"y":0,
			"duration":4
			}
			]
}},
	"res":{
		"U1":{"x":0,"y":0,"w":40,"h":40},
		"U2":{"x":40,"y":0,"w":40,"h":40},
		"U3":{"x":80,"y":0,"w":40,"h":40},
		"U4":{"x":120,"y":0,"w":40,"h":40},
		"U5":{"x":160,"y":0,"w":40,"h":40},
		"U6":{"x":200,"y":0,"w":40,"h":40},
		"U7":{"x":240,"y":0,"w":40,"h":40},
		"U8":{"x":280,"y":0,"w":40,"h":40}
	}}