{
  "autoGenerateExmlsList": true,
  "exmls": [
    {
      "path": "resource/eui_skins/ButtonSkin.exml",
      "content": "<?xml version=\"1.0\" encoding=\"utf-8\" ?>\n<e:Skin class=\"skins.ButtonSkin\" states=\"up,down,disabled\" minHeight=\"50\" minWidth=\"100\" xmlns:e=\"http://ns.egret.com/eui\">\n    <e:Image width=\"100%\" height=\"100%\" scale9Grid=\"1,3,8,8\" alpha.disabled=\"0.5\"\n             source=\"button_up_png\"\n             source.down=\"button_down_png\"/>\n    <e:Label id=\"labelDisplay\" top=\"8\" bottom=\"8\" left=\"8\" right=\"8\"\n             size=\"20\"\n             textColor=\"0xFFFFFF\" verticalAlign=\"middle\" textAlign=\"center\"/>\n    <e:Image id=\"iconDisplay\" horizontalCenter=\"0\" verticalCenter=\"0\"/>\n</e:Skin>\n"
    },
    {
      "path": "resource/eui_skins/CheckBoxSkin.exml",
      "content": "<?xml version=\"1.0\" encoding=\"utf-8\"?>\n<e:Skin class=\"skins.CheckBoxSkin\" states=\"up,down,disabled,upAndSelected,downAndSelected,disabledAndSelected\" xmlns:e=\"http://ns.egret.com/eui\">\n    <e:Group width=\"100%\" height=\"100%\">\n        <e:layout>\n            <e:HorizontalLayout verticalAlign=\"middle\"/>\n        </e:layout>\n        <e:Image fillMode=\"scale\" alpha=\"1\" alpha.disabled=\"0.5\" alpha.down=\"0.7\"\n                 source=\"checkbox_unselect_png\"\n                 source.upAndSelected=\"checkbox_select_up_png\"\n                 source.downAndSelected=\"checkbox_select_down_png\"\n                 source.disabledAndSelected=\"checkbox_select_disabled_png\"/>\n        <e:Label id=\"labelDisplay\" size=\"20\" textColor=\"0x707070\"\n                 textAlign=\"center\" verticalAlign=\"middle\"\n                 fontFamily=\"Tahoma\"/>\n    </e:Group>\n</e:Skin>\n"
    },
    {
      "path": "resource/eui_skins/HScrollBarSkin.exml",
      "content": "<?xml version=\"1.0\" encoding=\"utf-8\"?>\n<e:Skin class=\"skins.HScrollBarSkin\" minWidth=\"20\" minHeight=\"8\" xmlns:e=\"http://ns.egret.com/eui\">\n    <e:Image id=\"thumb\" source=\"roundthumb_png\" scale9Grid=\"3,3,2,2\" height=\"8\" width=\"30\" verticalCenter=\"0\"/>\n</e:Skin>\n"
    },
    {
      "path": "resource/eui_skins/HSliderSkin.exml",
      "content": "<?xml version=\"1.0\" encoding=\"utf-8\"?>\n<e:Skin class=\"skins.HSliderSkin\" minWidth=\"20\" minHeight=\"8\" xmlns:e=\"http://ns.egret.com/eui\">\n    <e:Image id=\"track\" source=\"track_sb_png\" scale9Grid=\"1,1,4,4\" width=\"100%\"\n             height=\"6\" verticalCenter=\"0\"/>\n    <e:Image id=\"thumb\" source=\"thumb_png\" verticalCenter=\"0\"/>\n</e:Skin>\n"
    },
    {
      "path": "resource/eui_skins/ItemRendererSkin.exml",
      "content": "<?xml version=\"1.0\" encoding=\"utf-8\" ?>\n<e:Skin class=\"skins.ItemRendererSkin\" states=\"up,down,disabled\" minHeight=\"50\" minWidth=\"100\" xmlns:e=\"http://ns.egret.com/eui\">\n    <e:Image width=\"100%\" height=\"100%\" scale9Grid=\"1,3,8,8\" alpha.disabled=\"0.5\"\n             source=\"button_up_png\"\n             source.down=\"button_down_png\"/>\n    <e:Label id=\"labelDisplay\" top=\"8\" bottom=\"8\" left=\"8\" right=\"8\"\n             size=\"20\" fontFamily=\"Tahoma 'Microsoft Yahei'\"\n             textColor=\"0xFFFFFF\" text=\"{data}\" verticalAlign=\"middle\" textAlign=\"center\"/>\n</e:Skin>\n"
    },
    {
      "path": "resource/eui_skins/PanelSkin.exml",
      "content": "<?xml version=\"1.0\" encoding=\"utf-8\"?>\n<e:Skin class=\"skins.PanelSkin\" minHeight=\"230\" minWidth=\"450\" xmlns:e=\"http://ns.egret.com/eui\">\n    <e:Image left=\"0\" right=\"0\" bottom=\"0\"  top=\"0\" source=\"border_png\" scale9Grid=\"2,2,12,12\" />\n    <e:Group id=\"moveArea\" left=\"0\" right=\"0\" top=\"0\" height=\"45\">\n        <e:Image left=\"0\" right=\"0\" bottom=\"0\"  top=\"0\" source=\"header_png\"/>\n        <e:Label id=\"titleDisplay\" size=\"20\" fontFamily=\"Tahoma\" textColor=\"0xFFFFFF\"\n                 wordWrap=\"false\" left=\"15\" right=\"5\" verticalCenter=\"0\"/>\n    </e:Group>\n    <e:Button id=\"closeButton\" label=\"close\" bottom=\"5\" horizontalCenter=\"0\"/>\n</e:Skin>\n"
    },
    {
      "path": "resource/eui_skins/ProgressBarSkin.exml",
      "content": "<?xml version=\"1.0\" encoding=\"utf-8\"?>\n<e:Skin class=\"skins.ProgressBarSkin\" minWidth=\"30\" minHeight=\"18\" xmlns:e=\"http://ns.egret.com/eui\">\n\t<e:Image source=\"track_pb_png\" scale9Grid=\"1,1,4,4\" width=\"100%\"\n\t\t\t height=\"100%\" verticalCenter=\"0\"/>\n\t<e:Image id=\"thumb\" height=\"100%\" width=\"100%\" source=\"thumb_pb_png\"/>\n\t<e:Label id=\"labelDisplay\" textAlign=\"center\" verticalAlign=\"middle\"\n\t\t\t size=\"15\" fontFamily=\"Tahoma\" textColor=\"0x707070\"\n\t\t\t horizontalCenter=\"0\" verticalCenter=\"0\"/>\n</e:Skin>\n"
    },
    {
      "path": "resource/eui_skins/RadioButtonSkin.exml",
      "content": "<?xml version=\"1.0\" encoding=\"utf-8\"?>\n<e:Skin class=\"skins.RadioButtonSkin\" states=\"up,down,disabled,upAndSelected,downAndSelected,disabledAndSelected\" xmlns:e=\"http://ns.egret.com/eui\">\n    <e:Group width=\"100%\" height=\"100%\">\n        <e:layout>\n            <e:HorizontalLayout verticalAlign=\"middle\"/>\n        </e:layout>\n        <e:Image fillMode=\"scale\" alpha=\"1\" alpha.disabled=\"0.5\" alpha.down=\"0.7\"\n                 source=\"radiobutton_unselect_png\"\n                 source.upAndSelected=\"radiobutton_select_up_png\"\n                 source.downAndSelected=\"radiobutton_select_down_png\"\n                 source.disabledAndSelected=\"radiobutton_select_disabled_png\"/>\n        <e:Label id=\"labelDisplay\" size=\"20\" textColor=\"0x707070\"\n                 textAlign=\"center\" verticalAlign=\"middle\"\n                 fontFamily=\"Tahoma\"/>\n    </e:Group>\n</e:Skin>\n"
    },
    {
      "path": "resource/eui_skins/ScrollerSkin.exml",
      "content": "<?xml version=\"1.0\" encoding=\"utf-8\"?>\n<e:Skin class=\"skins.ScrollerSkin\" minWidth=\"20\" minHeight=\"20\" xmlns:e=\"http://ns.egret.com/eui\">\n    <e:HScrollBar id=\"horizontalScrollBar\" width=\"100%\" bottom=\"0\"/>\n    <e:VScrollBar id=\"verticalScrollBar\" height=\"100%\" right=\"0\"/>\n</e:Skin>"
    },
    {
      "path": "resource/eui_skins/TextInputSkin.exml",
      "content": "<?xml version='1.0' encoding='utf-8'?>\n<e:Skin class=\"skins.TextInputSkin\" minHeight=\"40\" minWidth=\"300\" states=\"normal,disabled,normalWithPrompt,disabledWithPrompt\" xmlns:e=\"http://ns.egret.com/eui\">\n\t<e:Image width=\"100%\" height=\"100%\" scale9Grid=\"1,3,8,8\" source=\"button_up_png\"/>\n\t<e:Rect height=\"100%\" width=\"100%\" fillColor=\"0xffffff\"/>\n \t<e:EditableText id=\"textDisplay\" verticalCenter=\"0\" left=\"10\" right=\"10\"\n\t                textColor=\"0x000000\" textColor.disabled=\"0xff0000\" width=\"100%\" height=\"24\" size=\"20\" />\n\t<e:Label id=\"promptDisplay\" verticalCenter=\"0\" left=\"10\" right=\"10\"\n\t                textColor=\"0xa9a9a9\" width=\"100%\" height=\"24\" size=\"20\" touchEnabled=\"false\" includeIn=\"normalWithPrompt,disabledWithPrompt\"/>\n</e:Skin>"
    },
    {
      "path": "resource/eui_skins/ToggleSwitchSkin.exml",
      "content": "<?xml version=\"1.0\" encoding=\"utf-8\"?>\n<e:Skin class=\"skins.ToggleSwitchSkin\" states=\"up,down,disabled,upAndSelected,downAndSelected,disabledAndSelected\" xmlns:e=\"http://ns.egret.com/eui\">\n    <e:Image source=\"on_png\"\n             source.up=\"off_png\"\n             source.down=\"off_png\"\n             source.disabled=\"off_png\"/>\n    <e:Image source=\"handle_png\"\n             horizontalCenter=\"-18\"\n             horizontalCenter.upAndSelected=\"18\"\n             horizontalCenter.downAndSelected=\"18\"\n             horizontalCenter.disabledAndSelected=\"18\"\n             verticalCenter=\"0\"/>\n</e:Skin>\n"
    },
    {
      "path": "resource/eui_skins/VScrollBarSkin.exml",
      "content": "<?xml version=\"1.0\" encoding=\"utf-8\"?>\n<e:Skin class=\"skins.VScrollBarSkin\" minWidth=\"8\" minHeight=\"20\" xmlns:e=\"http://ns.egret.com/eui\">\n    <e:Image id=\"thumb\" source=\"roundthumb_png\" scale9Grid=\"3,3,2,2\" height=\"30\" width=\"8\" horizontalCenter=\"0\"/>\n</e:Skin>\n"
    },
    {
      "path": "resource/eui_skins/VSliderSkin.exml",
      "content": "<?xml version=\"1.0\" encoding=\"utf-8\"?>\n<e:Skin class=\"skins.VSliderSkin\" minWidth=\"25\" minHeight=\"30\" xmlns:e=\"http://ns.egret.com/eui\">\n    <e:Image id=\"track\" source=\"track_png\" scale9Grid=\"1,1,4,4\" width=\"7\" height=\"100%\" horizontalCenter=\"0\"/>\n    <e:Image id=\"thumb\" source=\"thumb_png\" horizontalCenter=\"0\" />\n</e:Skin>\n"
    },
    {
      "path": "resource/my_skins/btn/downBtnSkin.exml",
      "content": "<?xml version='1.0' encoding='utf-8'?>\n<e:Skin class=\"downBtnSkin\"\n        states=\"up,down,disabled,upAndSelected,downAndSelected,disabledAndSelected\" width=\"84\"\n        height=\"82\" xmlns:e=\"http://ns.egret.com/eui\" xmlns:w=\"http://ns.egret.com/wing\">\n\t<e:Image id=\"btn1\" source=\"down1_png\" horizontalCenter=\"0\" verticalCenter=\"1\" includeIn=\"up,down,disabled\" source.up=\"down_png\" source.down=\"down_png\" source.disabled=\"down_png\"/>\n\t<e:Image id=\"btn\" source=\"down_png\" horizontalCenter=\"0\" verticalCenter=\"1\" includeIn=\"upAndSelected,downAndSelected,disabledAndSelected\" source.upAndSelected=\"down1_png\" source.downAndSelected=\"down1_png\" source.disabledAndSelected=\"down1_png\"/>\n\n</e:Skin>"
    },
    {
      "path": "resource/my_skins/btn/effectOnOffSkin.exml",
      "content": "<?xml version='1.0' encoding='utf-8'?>\n<e:Skin class=\"offectOnOffSkin\" states=\"up,down,disabled,upAndSelected,downAndSelected,disabledAndSelected\" width=\"152\" height=\"68\"\n        xmlns:e=\"http://ns.egret.com/eui\" xmlns:w=\"http://ns.egret.com/wing\">\n\t<e:Image id=\"btn1\" source=\"btn_sound_down_png\" includeIn=\"up,down,disabled\" verticalCenter=\"0\" x=\"72\"/>\n\t<e:Image id=\"btn2\" source=\"btn_sound_png\" height=\"64\" includeIn=\"upAndSelected,downAndSelected,disabledAndSelected\"  horizontalCenter=\"34\" verticalCenter=\"1\"/>\n\t<e:Label text=\"{label}\" textAlign=\"center\" verticalAlign=\"middle\" horizontalCenter=\"-39\" verticalCenter=\"1\" size=\"14\" textColor=\"0x02070D\"/>\n</e:Skin>"
    },
    {
      "path": "resource/my_skins/btn/leftBtnSkin.exml",
      "content": "<?xml version='1.0' encoding='utf-8'?>\n<e:Skin class=\"leftBtnSkin\"\n        states=\"up,down,disabled,upAndSelected,downAndSelected,disabledAndSelected\" width=\"84\"\n        height=\"82\" xmlns:e=\"http://ns.egret.com/eui\" xmlns:w=\"http://ns.egret.com/wing\">\n\t<e:Image id=\"btn\" source=\"left1_png\"  horizontalCenter=\"0\" verticalCenter=\"1\" includeIn=\"up,down,disabled\" />\n\t<e:Image id=\"btn1\" source=\"left_png\" horizontalCenter=\"0\" verticalCenter=\"1\" includeIn=\"upAndSelected,downAndSelected,disabledAndSelected\" />\n</e:Skin>"
    },
    {
      "path": "resource/my_skins/btn/musicOnOffSkin.exml",
      "content": "<?xml version='1.0' encoding='utf-8'?>\n<e:Skin class=\"musicOnOffSkin\" states=\"up,down,disabled,upAndSelected,downAndSelected,disabledAndSelected\" width=\"152\"\n        height=\"68\" xmlns:e=\"http://ns.egret.com/eui\" xmlns:w=\"http://ns.egret.com/wing\">\n\t<e:Image id=\"btn1\" source=\"btn_music_down_png\" x=\"72\" includeIn=\"up,down,disabled\" verticalCenter=\"0\"/>\n\t<e:Image id=\"btn2\" source=\"btn_music_png\" x=\"64\" y=\"0\" verticalCenter=\"1\" includeIn=\"upAndSelected,downAndSelected,disabledAndSelected\" height=\"64\" horizontalCenter=\"34\"/>\n\t<e:Label text=\"{label}\" x=\"8\" y=\"16\" horizontalCenter=\"-39\" verticalCenter=\"1\" size=\"14\" textColor=\"0x02070D\"/>\n</e:Skin>"
    },
    {
      "path": "resource/my_skins/btn/myBtnSkin.exml",
      "content": "<?xml version='1.0' encoding='utf-8'?>\n<e:Skin class=\"myBtnSkin\" states=\"up,down,disabled,upAndSelected,downAndSelected,disabledAndSelected\" width=\"166\" height=\"56\"\n        xmlns:e=\"http://ns.egret.com/eui\" xmlns:w=\"http://ns.egret.com/wing\">\n\t<e:Image id=\"btn1\" source=\"btn1_normal_png\" height=\"42\" width=\"134\" includeIn=\"up,down,disabled\" horizontalCenter=\"1.5\" verticalCenter=\"1.5\"/>\n\t<e:Image id=\"btn2\" source=\"btn1_down_png\" height=\"42\" width=\"134\" includeIn=\"upAndSelected,downAndSelected,disabledAndSelected\"  x=\"18\" y=\"9\"/>\n\t<e:Label id=\"btnLabel\" textAlign=\"center\" verticalAlign=\"middle\" horizontalCenter=\"0\" verticalCenter=\"0\" height=\"35\" text=\"{label}\" size=\"30\"/>\n</e:Skin>"
    },
    {
      "path": "resource/my_skins/btn/rightBtnSkin.exml",
      "content": "<?xml version='1.0' encoding='utf-8'?>\n<e:Skin class=\"rightBtnSkin\"\n        states=\"up,down,disabled,upAndSelected,downAndSelected,disabledAndSelected\" width=\"84\"\n        height=\"82\" xmlns:e=\"http://ns.egret.com/eui\" xmlns:w=\"http://ns.egret.com/wing\">\n\t<e:Image id=\"btn1\" source=\"right1_png\" horizontalCenter=\"0\" verticalCenter=\"1\" includeIn=\"up,down,disabled\"/>\n\t<e:Image id=\"btn\" source=\"right_png\" x=\"18\" y=\"27\" horizontalCenter=\"0\" verticalCenter=\"1\" includeIn=\"upAndSelected,downAndSelected,disabledAndSelected\"/>\n</e:Skin>"
    },
    {
      "path": "resource/my_skins/btn/topBtnSkin.exml",
      "content": "<?xml version='1.0' encoding='utf-8'?>\n<e:Skin class=\"topBtnSkin\"\n        states=\"up,down,disabled,upAndSelected,downAndSelected,disabledAndSelected\" width=\"84\"\n        height=\"82\" xmlns:e=\"http://ns.egret.com/eui\" xmlns:w=\"http://ns.egret.com/wing\">\n\t<e:Image id=\"btn\" source=\"up1_png\" horizontalCenter=\"0\" verticalCenter=\"1\" includeIn=\"upAndSelected,downAndSelected,disabledAndSelected\"/>\n\t<e:Image id=\"btn1\" source=\"up_png\" horizontalCenter=\"0\" verticalCenter=\"1\" includeIn=\"up,down,disabled\"/>\n</e:Skin>"
    },
    {
      "path": "resource/my_skins/gameoverSkin.exml",
      "content": "<?xml version='1.0' encoding='utf-8'?>\n<e:Skin class=\"StartSkin\" width=\"800\" height=\"480\" xmlns:e=\"http://ns.egret.com/eui\" xmlns:w=\"http://ns.egret.com/wing\">\n\t<e:Image source=\"bgover_png\" x=\"0\" y=\"0\"/>\n\t<e:Image source=\"sc4arc1_png\" x=\"73\" y=\"83\" width=\"98\" height=\"88\"/>\n\t<e:Image id=\"sc4wheel2\" x=\"60\" y=\"110\" source=\"sc4wheel2_png\" width=\"96\" height=\"95\"  anchorOffsetX=\"48\" anchorOffsetY=\"47.5\"/>\n\t<e:Image id=\"sc4wheel1\" x=\"126\" y=\"170\" source=\"sc4wheel1_png\" width=\"53\" height=\"53\" anchorOffsetX=\"26.5\" anchorOffsetY=\"26.5\" />\n\t<e:ToggleButton id=\"again\"  label=\"Again\" x=\"426\" y=\"382\" skinName=\"myBtnSkin\" />\n\t<e:ToggleButton id=\"back\" label=\"Back\" x=\"245\" y=\"384\" skinName=\"myBtnSkin\"/>\n\t<e:Label id=\"titleLabel\" text=\"得分\" x=\"230\" y=\"116\" width=\"136\" textColor=\"0xFF0000\" fontFamily=\"Arial Black\" bold=\"true\" textAlign=\"center\"/>\n\t<e:Label id=\"scoreLabel\" x=\"271\" y=\"159\" text=\"0\" size=\"20\" fontFamily=\"Arial Black\" bold=\"true\" textColor=\"0xF1F90C\" textAlign=\"center\"  width=\"52\"/>\n\t<e:Label id=\"chenghaoLabel\" text=\"初出茅庐\" x=\"244\" y=\"198\" textColor=\"0xFF0000\" fontFamily=\"Arial Black\" bold=\"true\" textAlign=\"center\"/>\n\t<e:Label  x=\"176\" text=\"历史最高分：\"  y=\"281\" size=\"25\" textColor=\"0xFF0000\" fontFamily=\"Arial Black\" bold=\"true\"/>\n\t<e:Label id=\"scoreMaxLabel\" textColor=\"0x0021FF\" text=\"0\" textAlign=\"center\" width=\"52\" size=\"20\" x=\"10\" horizontalCenter=\"-45\" y=\"287\"/>\n</e:Skin>"
    },
    {
      "path": "resource/my_skins/gameUiSkin.exml",
      "content": "<?xml version='1.0' encoding='utf-8'?>\n<e:Skin class=\"gameUiSkin\" width=\"800\" height=\"480\" xmlns:e=\"http://ns.egret.com/eui\" xmlns:w=\"http://ns.egret.com/wing\">\n\t<e:Image source=\"alertBg_png\" x=\"-2\" y=\"-4\" height=\"576\" width=\"245\" horizontalCenter=\"-293\" verticalCenter=\"-2\"/>\n\t<e:Image source=\"bg2_png\" x=\"1\" y=\"-3\"/>\n\t<e:Image id=\"gameMap\" source=\"ground_jpg\" x=\"242\" y=\"26\" width=\"540\" height=\"420\" horizontalCenter=\"108\" verticalCenter=\"0\"/>\n\t<e:Image id=\"wall1\" source=\"wall_02_png\" rotation=\"90\" horizontalCenter=\"-175\" verticalCenter=\"0\"/>\n\t<e:Image id=\"wall2\" source=\"wall_02_png\"  horizontalCenter=\"118\" height=\"30\" y=\"451\"/>\n\t<e:Image id=\"wall3\" source=\"wall_02_png\" horizontalCenter=\"118\" verticalCenter=\"-225.5\" height=\"31\"/>\n\t<e:Image id=\"wall4\" source=\"wall_02_png\"  rotation=\"90\" horizontalCenter=\"392\" verticalCenter=\"0\"/>\n\t<e:Label text=\"分数：\" textAlign=\"center\" verticalAlign=\"middle\" horizontalCenter=\"-293\" verticalCenter=\"-189\" bold=\"true\" strokeColor=\"0x030200\" stroke=\"0.5\" textColor=\"0xC68712\"/>\n\t<e:BitmapLabel id=\"score\" x=\"143\" y=\"17\" font=\"font_fnt\" text=\"0\"/>\n\t<e:ToggleButton id=\"upbtn\" x=\"60\" y=\"313\">\n\t\t<e:skinName>\n\t\t\t<e:Skin states=\"up,down,disabled\">\n\t\t\t\t<e:Image width=\"100%\" height=\"100%\" source=\"up1_png\" source.down=\"up_png\"/>\n\t\t\t\t<e:Label id=\"labelDisplay\" horizontalCenter=\"0\" verticalCenter=\"0\"/>\n\t\t\t</e:Skin>\n\t\t</e:skinName>\n\t</e:ToggleButton>\n\t<e:ToggleButton id=\"leftbtn\" y=\"358\" x=\"0\">\n\t\t<e:skinName>\n\t\t\t<e:Skin states=\"up,down,disabled\">\n\t\t\t\t<e:Image width=\"100%\" height=\"100%\" source=\"left1_png\" source.down=\"left_png\"/>\n\t\t\t\t<e:Label id=\"labelDisplay\" horizontalCenter=\"0\" verticalCenter=\"0\"/>\n\t\t\t</e:Skin>\n\t\t</e:skinName>\n\t</e:ToggleButton>\n\t<e:ToggleButton id=\"downbtn\" x=\"60\" y=\"403\">\n\t\t<e:skinName>\n\t\t\t<e:Skin states=\"up,down,disabled\">\n\t\t\t\t<e:Image width=\"100%\" height=\"100%\" source=\"down1_png\" source.down=\"down_png\"/>\n\t\t\t\t<e:Label id=\"labelDisplay\" horizontalCenter=\"0\" verticalCenter=\"0\"/>\n\t\t\t</e:Skin>\n\t\t</e:skinName>\n\t</e:ToggleButton>\n\t<e:ToggleButton id=\"rightbtn\" x=\"123\" y=\"357\">\n\t\t<e:skinName>\n\t\t\t<e:Skin states=\"up,down,disabled\">\n\t\t\t\t<e:Image width=\"100%\" height=\"100%\" source=\"right1_png\" source.down=\"right_png\"/>\n\t\t\t\t<e:Label id=\"labelDisplay\" horizontalCenter=\"0\" verticalCenter=\"0\"/>\n\t\t\t</e:Skin>\n\t\t</e:skinName>\n\t</e:ToggleButton>\n\t<e:Group x=\"19\" y=\"126\">\n\t\t<e:Label y=\"4.015151515151558\" textColor=\"0x0602F5\" text=\"当前关卡：\" width=\"136\" height=\"23\" x=\"0\" fontFamily=\"微软雅黑\" size=\"20\" bold=\"true\"/>\n\t\t<e:Label id=\"speedInfo\" y=\"0\" textColor=\"0x000000\" x=\"112.95454545454545\" width=\"71\" text=\"1\"/>\n\t</e:Group>\n\t<e:Label id=\"tipsInfo\" y=\"162\" height=\"38\" fontFamily=\"微软雅黑\" bold=\"true\" width=\"197\" size=\"20\" x=\"12\" textColor=\"0xFF0004\"/>\n\t<e:Label text=\"时间：\" x=\"7\" y=\"226\" textColor=\"0x0602F5\" size=\"20\" bold=\"true\" width=\"64\" height=\"24\" fontFamily=\"微软雅黑\"/>\n\t<e:Label id=\"timesInfo\" x=\"62\" y=\"221\" width=\"134\" fontFamily=\"微软雅黑\" bold=\"true\"  textColor=\"0xFF0004\" height=\"33\" text=\"00:00:00\"/>\n\t<e:Image source=\"snakeGirl_png\" x=\"-12\" y=\"-12\" width=\"100\" height=\"146\"/>\n</e:Skin> "
    },
    {
      "path": "resource/my_skins/loadingSkin.exml",
      "content": "<?xml version='1.0' encoding='utf-8'?>\n<e:Skin class=\"loadingSkin\" width=\"800\" height=\"480\" xmlns:e=\"http://ns.egret.com/eui\" xmlns:w=\"http://ns.egret.com/wing\">\n\t<e:Image id=\"loadingbg\" source=\"loading_jpg\" x=\"0\" y=\"0\"/>\n\t<e:Image id=\"gamename\" source=\"name_png\" horizontalCenter=\"15.5\" verticalCenter=\"-83.5\"/>\n\t<e:Image id=\"loadingbarbg\" source=\"loadingbarbg_png\" horizontalCenter=\"23.5\" verticalCenter=\"151.5\" height=\"27\"/>\n\t<e:Image id=\"loadingbarpic\" source=\"loadingbarpic_png\" height=\"22\" verticalCenter=\"151\" width=\"0\" x=\"149\"/>\n</e:Skin>"
    },
    {
      "path": "resource/my_skins/panel/myPanelSkin.exml",
      "content": "<?xml version='1.0' encoding='utf-8'?>\n<e:Skin class=\"myPanelSkin\" width=\"400\" height=\"300\" xmlns:e=\"http://ns.egret.com/eui\" xmlns:w=\"http://ns.egret.com/wing\">\n\t<e:Image source=\"alertBg_png\" x=\"22\" y=\"7\"/>\n\t<e:Image id=\"panelBtn\" source=\"acceptBtn_png\" x=\"180\" y=\"230\"/>\n\t<e:EditableText id=\"panelText1\" width=\"295\" height=\"126\" x=\"55\" y=\"40\" verticalAlign=\"middle\" textAlign=\"left\" multiline=\"true\" size=\"14\" textColor=\"0x02070D\"/>\n\t<e:EditableText id=\"panelText2\" width=\"258\" height=\"67\" x=\"75\" y=\"136\" textAlign=\"center\" verticalAlign=\"middle\" multiline=\"true\" size=\"14\" textColor=\"0x02070D\"/>\n\t<e:ToggleButton id=\"music\" label=\"背景音乐:\" x=\"41\" y=\"74\" skinName=\"musicOnOffSkin\"/>\n\t<e:ToggleButton id=\"effect\" label=\"游戏音效：\" x=\"200\" y=\"78\" skinName=\"offectOnOffSkin\"/>\n\n</e:Skin>"
    },
    {
      "path": "resource/my_skins/panel/rankPanelSkin.exml",
      "content": "<?xml version='1.0' encoding='utf-8'?>\n<e:Skin class=\"rankPanelSkin\" width=\"400\" height=\"300\" xmlns:e=\"http://ns.egret.com/eui\" xmlns:w=\"http://ns.egret.com/wing\">\n\t<e:Image source=\"alertBg_png\" x=\"22\" y=\"7\"/>\n\t<e:Image id=\"panelBtn\" source=\"acceptBtn_png\" x=\"180\" y=\"230\"/>\n\t<e:EditableText id=\"panelText1\" width=\"295\" height=\"126\" x=\"55\" y=\"40\" verticalAlign=\"middle\" textAlign=\"center\" multiline=\"true\" size=\"30\" textColor=\"0x02070D\"/>\n\t<e:Label text=\"历史最高分为：\" textAlign=\"center\" horizontalCenter=\"-17\" verticalCenter=\"-84\" bold=\"true\" strokeColor=\"0x030200\" stroke=\"0.5\" size=\"34\" textColor=\"0x000000\" fontFamily=\"Arial Black\" height=\"46\"/>\n\t<e:BitmapLabel id=\"score\" x=\"176\" y=\"88\" font=\"font_fnt\" text=\"0\" textAlign=\"center\"/>\n</e:Skin>"
    },
    {
      "path": "resource/my_skins/StartSkin.exml",
      "content": "<?xml version='1.0' encoding='utf-8'?>\n<e:Skin class=\"StartSkin\" width=\"800\" height=\"480\" xmlns:e=\"http://ns.egret.com/eui\" xmlns:w=\"http://ns.egret.com/wing\">\n\t<e:Image source=\"startbg_png\" x=\"0\" y=\"0\"/>\n\t<e:Image source=\"name_png\" x=\"553\" y=\"-23\"/>\n\t<e:Image source=\"snakeIcon_png\" x=\"322\" y=\"102\" width=\"216\" height=\"246\"/>\n\t<e:ToggleButton id=\"setting\" label=\"Setting\" x=\"426\" y=\"382\" skinName=\"myBtnSkin\" />\n\t<e:ToggleButton id=\"startGame\" label=\"Start\" x=\"245\" y=\"384\" skinName=\"myBtnSkin\"/>\n\t<e:ToggleButton id=\"rank\" label=\"Rank\" x=\"57\" y=\"384\" skinName=\"myBtnSkin\"/>\n\t<e:ToggleButton id=\"help\" label=\"Help\" x=\"608\" y=\"381\" skinName=\"myBtnSkin\"/>\n</e:Skin>"
    }
  ],
  "skins": {
    "eui.Button": "resource/eui_skins/ButtonSkin.exml",
    "eui.CheckBox": "resource/eui_skins/CheckBoxSkin.exml",
    "eui.HScrollBar": "resource/eui_skins/HScrollBarSkin.exml",
    "eui.HSlider": "resource/eui_skins/HSliderSkin.exml",
    "eui.ItemRenderer": "resource/eui_skins/ItemRendererSkin.exml",
    "eui.Panel": "resource/eui_skins/PanelSkin.exml",
    "eui.ProgressBar": "resource/eui_skins/ProgressBarSkin.exml",
    "eui.RadioButton": "resource/eui_skins/RadioButtonSkin.exml",
    "eui.Scroller": "resource/eui_skins/ScrollerSkin.exml",
    "eui.TextInput": "resource/eui_skins/TextInputSkin.exml",
    "eui.ToggleSwitch": "resource/eui_skins/ToggleSwitchSkin.exml",
    "eui.VScrollBar": "resource/eui_skins/VScrollBarSkin.exml",
    "eui.VSlider": "resource/eui_skins/VSliderSkin.exml"
  }
}