{
	"groups":[
		{
			"keys":"loading_jpg,snake_png,name_png,snake_json,loadingbarbg_png,loadingbarpic_png",
			"name":"loading"
		},
		{
			"keys":"right1_png,right_png,left1_png,left_png,head_png,ground_jpg,egg_png,downspeed_png,down1_png,down_png,btn_sound_down_png,btn_sound_png,btn_music_down_png,btn_music_png,body_png,wall_jpg,upspeed_png,up1_png,tail_png,up_png,snakeIcon_png,btn1_normal_png,btn1_down_png,startbg_png,alertBg_png,acceptBtn_png,wall_02_png,snakeGirl_png,bg2_png,font_fnt,egg_json,Music_mp3,downspeed_json,upspeed_json,gameover_mp3,yes_mp3,btntouch_mp3,bgover_png,sc4wheel2_png,sc4wheel1_png,sc4arc1_png",
			"name":"assets"
		}
	],
	"resources":[
		{
			"name":"snake_png",
			"type":"image",
			"url":"assets/Image/snake.png"
		},
		{
			"name":"snakeIcon_png",
			"type":"image",
			"url":"assets/Image/snakeIcon.png"
		},
		{
			"name":"tail_png",
			"type":"image",
			"url":"assets/Image/tail.png"
		},
		{
			"name":"up_png",
			"type":"image",
			"url":"assets/Image/up.png"
		},
		{
			"name":"up1_png",
			"type":"image",
			"url":"assets/Image/up1.png"
		},
		{
			"name":"upspeed_png",
			"type":"image",
			"url":"assets/Image/upspeed.png"
		},
		{
			"name":"wall_jpg",
			"type":"image",
			"url":"assets/Image/wall.jpg"
		},
		{
			"name":"body_png",
			"type":"image",
			"url":"assets/Image/body.png"
		},
		{
			"name":"btn_music_png",
			"type":"image",
			"url":"assets/Image/btn_music.png"
		},
		{
			"name":"btn_music_down_png",
			"type":"image",
			"url":"assets/Image/btn_music_down.png"
		},
		{
			"name":"btn_sound_png",
			"type":"image",
			"url":"assets/Image/btn_sound.png"
		},
		{
			"name":"btn_sound_down_png",
			"type":"image",
			"url":"assets/Image/btn_sound_down.png"
		},
		{
			"name":"down_png",
			"type":"image",
			"url":"assets/Image/down.png"
		},
		{
			"name":"down1_png",
			"type":"image",
			"url":"assets/Image/down1.png"
		},
		{
			"name":"downspeed_png",
			"type":"image",
			"url":"assets/Image/downspeed.png"
		},
		{
			"name":"egg_png",
			"type":"image",
			"url":"assets/Image/egg.png"
		},
		{
			"name":"ground_jpg",
			"type":"image",
			"url":"assets/Image/ground.png"
		},
		{
			"name":"head_png",
			"type":"image",
			"url":"assets/Image/head.png"
		},
		{
			"name":"left_png",
			"type":"image",
			"url":"assets/Image/left.png"
		},
		{
			"name":"left1_png",
			"type":"image",
			"url":"assets/Image/left1.png"
		},
		{
			"name":"loading_jpg",
			"type":"image",
			"url":"assets/Image/loading.jpg"
		},
		{
			"name":"right_png",
			"type":"image",
			"url":"assets/Image/right.png"
		},
		{
			"name":"right1_png",
			"type":"image",
			"url":"assets/Image/right1.png"
		},
		{
			"name":"snake_json",
			"type":"json",
			"url":"assets/Image/snake.json"
		},
		{
			"name":"name_png",
			"type":"image",
			"url":"assets/Image/name.png"
		},
		{
			"name":"loadingbarbg_png",
			"type":"image",
			"url":"assets/Image/loadingbarbg.png"
		},
		{
			"name":"loadingbarpic_png",
			"type":"image",
			"url":"assets/Image/loadingbarpic.png"
		},
		{
			"name":"btn1_normal_png",
			"type":"image",
			"url":"assets/Image/btn1_normal.png"
		},
		{
			"name":"btn1_down_png",
			"type":"image",
			"url":"assets/Image/btn1_down.png"
		},
		{
			"name":"startbg_png",
			"type":"image",
			"url":"assets/Image/startbg.png"
		},
		{
			"name":"acceptBtn_png",
			"type":"image",
			"url":"assets/Image/acceptBtn.png"
		},
		{
			"name":"alertBg_png",
			"type":"image",
			"url":"assets/Image/alertBg.png"
		},
		{
			"name":"wall_02_png",
			"type":"image",
			"url":"assets/Image/wall_02.png"
		},
		{
			"name":"snakeGirl_png",
			"type":"image",
			"url":"assets/Image/snakeGirl.png"
		},
		{
			"name":"bg2_png",
			"type":"image",
			"url":"assets/Image/bg2.png"
		},
		{
			"name":"font_fnt",
			"type":"font",
			"url":"assets/font/font.fnt"
		},
		{
			"name":"egg_json",
			"type":"json",
			"url":"assets/Image/egg.json"
		},
		{
			"name":"Music_mp3",
			"type":"sound",
			"url":"assets/sound/Music.mp3"
		},
		{
			"name":"downspeed_json",
			"type":"json",
			"url":"assets/Image/downspeed.json"
		},
		{
			"name":"upspeed_json",
			"type":"json",
			"url":"assets/Image/upspeed.json"
		},
		{
			"name":"gameover_mp3",
			"type":"sound",
			"url":"assets/sound/gameover.mp3"
		},
		{
			"name":"yes_mp3",
			"type":"sound",
			"url":"assets/sound/yes.mp3"
		},
		{
			"name":"btntouch_mp3",
			"type":"sound",
			"url":"assets/sound/btntouch.mp3"
		},
		{
			"name":"bgover_png",
			"type":"image",
			"url":"assets/Image/bgover.png"
		},
		{
			"name":"sc4wheel1_png",
			"type":"image",
			"url":"assets/Image/sc4wheel1.png"
		},
		{
			"name":"sc4wheel2_png",
			"type":"image",
			"url":"assets/Image/sc4wheel2.png"
		},
		{
			"name":"sc4arc1_png",
			"type":"image",
			"url":"assets/Image/sc4arc1.png"
		}
	]
}